scenario_id,planner_id,runs,success_rate,completion_time_s_mean,completion_time_s_std,elapsed_s_mean,elapsed_s_std,path_length_m_mean,path_length_m_std,executed_path_length_m_mean,executed_path_length_m_std,reference_path_length_m_mean,reference_path_length_m_std,path_efficiency_mean,path_efficiency_std,collision_count_mean,collision_count_std,near_collision_count_mean,near_collision_count_std,recovery_count_mean,recovery_count_std,timeout_mean,timeout_std,recovery_success_mean,recovery_success_std,reflex_events_mean,reflex_events_std,reflex_time_s_mean,reflex_time_s_std,stopped_time_s_mean,stopped_time_s_std,min_clearance_m_mean,min_clearance_m_std,mean_clearance_m_mean,mean_clearance_m_std,final_goal_error_m_mean,final_goal_error_m_std,mean_speed_mps_mean,mean_speed_mps_std,goals_reached_mean,goals_reached_std
house_dynamic,dwb,3,0.0,185.03333333333333,9.457448563610225,185.03333333333333,9.457448563610225,6.770691805946645,0.039151999457050855,6.770691805946645,0.039151999457050855,6.825020146490412,0.0,1.0,0.0,0.0,0.0,0.0,0.0,2.0,0.0,0.0,0.0,0.0,0.0,1.0,0.0,0.36,0.0,375.8,1.899999999999963,0.48936266666666667,0.007102921535068052,0.6093486984936459,0.0033137521594750873,2.8222987562131308,0.01552551724504027,0.0351498946952281,0.0006045900324933306,0.0,0.0
house_dynamic,mppi,3,1.0,69.13333333333334,0.05773502691896955,69.13333333333334,0.05773502691896955,11.749061886238659,0.0027075372216394415,11.749061886238659,0.0027075372216394415,6.825020146490412,0.0,0.58089917767326,0.0001338806342333538,0.0,0.0,0.0,0.0,0.0,0.0,0.0,0.0,1.0,0.0,1.0,0.0,0.34,0.0,9.299999999999999,2.1656407827707715,0.4899453333333333,0.008227505656839903,0.8341027651493741,0.0017272210871709219,0.055991666776076275,0.002817700650393093,0.16993545910345395,0.0017417686342164945,1.0,0.0
house_dynamic,rpp,3,1.0,76.93333333333334,1.1060440015357913,76.93333333333334,1.1060440015357913,11.680704495136377,0.01150892130057908,11.680704495136377,0.01150892130057908,6.825020146490412,0.0,0.5842990518820957,0.0005754665780877434,0.0,0.0,0.0,0.0,0.0,0.0,0.0,0.0,1.0,0.0,1.0,0.0,0.35,0.0,5.666666666666667,2.7098585448936876,0.48130300000000004,0.0045609782941820765,0.7781803399891171,0.005138200484163967,0.12864149257307453,0.0012401364269090363,0.15406847108909116,0.0031382591502414573,1.0,0.0
