scenario_id,planner_id,runs,success_rate,completion_time_s_mean,completion_time_s_std,elapsed_s_mean,elapsed_s_std,path_length_m_mean,path_length_m_std,executed_path_length_m_mean,executed_path_length_m_std,reference_path_length_m_mean,reference_path_length_m_std,path_efficiency_mean,path_efficiency_std,collision_count_mean,collision_count_std,near_collision_count_mean,near_collision_count_std,recovery_count_mean,recovery_count_std,timeout_mean,timeout_std,recovery_success_mean,recovery_success_std,reflex_events_mean,reflex_events_std,reflex_time_s_mean,reflex_time_s_std,stopped_time_s_mean,stopped_time_s_std,min_clearance_m_mean,min_clearance_m_std,mean_clearance_m_mean,mean_clearance_m_std,final_goal_error_m_mean,final_goal_error_m_std,mean_speed_mps_mean,mean_speed_mps_std,goals_reached_mean,goals_reached_std
clutter,dwb,3,1.0,63.53333333333333,0.15275252316519608,63.53333333333333,0.15275252316519608,10.70509544940107,0.00616138562742516,10.70509544940107,0.00616138562742516,10.456223665781694,0.0,0.9767522414158872,0.0005621280847652214,0.0,0.0,0.0,0.0,0.0,0.0,0.0,0.0,1.0,0.0,0.0,0.0,0.0,0.0,2.3333333333333335,0.05773502691896263,0.46270866666666666,0.003782490229112734,0.719784496185968,0.006794273554619943,0.131032200449967,0.002415894939647443,0.16807565033671765,0.00045452140941752586,1.0,0.0
clutter,mppi,3,1.0,63.56666666666666,0.15275252316519566,63.56666666666666,0.15275252316519566,10.7902681051252,0.006266600723984114,10.7902681051252,0.006266600723984114,10.456223665781694,0.0,0.96904228092462,0.0005626488364787118,0.0,0.0,0.0,0.0,0.0,0.0,0.0,0.0,1.0,0.0,0.0,0.0,0.0,0.0,4.566666666666667,0.15275252316519475,0.47791033333333327,0.003513732251229919,0.7369008560599086,0.008891411052355015,0.07639949263758845,0.0029705272391570363,0.16733479298169351,0.003215663213489199,1.0,0.0
clutter,rpp,2,1.0,67.55,0.07071067811865074,67.55,0.07071067811865074,10.637002769634336,0.002858728668686637,10.637002769634336,0.002858728668686637,10.456223665781694,0.0,0.9830047307356986,0.0002641856795629477,0.0,0.0,0.0,0.0,0.0,0.0,0.0,0.0,1.0,0.0,0.0,0.0,0.0,0.0,4.85,0.21213203435596445,0.4713035,0.0009439875528840233,0.7310145784506359,0.0008344790364602343,0.14368358702409256,0.0004150045539241332,0.15951136749698486,0.00025425365755363125,1.0,0.0
