scenario_id,planner_id,runs,success_rate,completion_time_s_mean,completion_time_s_std,elapsed_s_mean,elapsed_s_std,path_length_m_mean,path_length_m_std,executed_path_length_m_mean,executed_path_length_m_std,reference_path_length_m_mean,reference_path_length_m_std,path_efficiency_mean,path_efficiency_std,collision_count_mean,collision_count_std,near_collision_count_mean,near_collision_count_std,recovery_count_mean,recovery_count_std,timeout_mean,timeout_std,recovery_success_mean,recovery_success_std,reflex_events_mean,reflex_events_std,reflex_time_s_mean,reflex_time_s_std,stopped_time_s_mean,stopped_time_s_std,min_clearance_m_mean,min_clearance_m_std,mean_clearance_m_mean,mean_clearance_m_std,final_goal_error_m_mean,final_goal_error_m_std,mean_speed_mps_mean,mean_speed_mps_std,goals_reached_mean,goals_reached_std
maze,dwb,3,0.0,196.0666666666667,19.588091620505917,196.0666666666667,19.588091620505917,4.573252461724205,0.008343357370925812,4.573252461724205,0.008343357370925812,11.236102527122116,0.0,1.0,0.0,0.0,0.0,0.0,0.0,3.0,0.0,0.0,0.0,0.0,0.0,0.0,0.0,0.0,0.0,452.3,7.336893075410066,0.462501,0.0006971075957124543,0.48757522759324323,0.0021730181326071463,9.251940600893805,0.0008451323232579439,0.023261716744515368,0.0016954360697414668,0.0,0.0
maze,mppi,3,1.0,136.1,0.09999999999999432,136.1,0.09999999999999432,23.024000484954772,0.01519894585323368,23.024000484954772,0.01519894585323368,11.236102527122116,0.0,0.48801709326420223,0.0003222124070291636,0.0,0.0,0.0,0.0,0.0,0.0,0.0,0.0,1.0,0.0,0.0,0.0,0.0,0.0,21.666666666666668,2.8936712552280923,0.46313966666666667,0.001451362922681086,0.6144868048285165,0.0033867746022464102,0.08514049838356137,0.0031008685876997588,0.16868277717585048,0.0010191330185740396,1.0,0.0
maze,rpp,3,1.0,150.06666666666666,2.484619353811236,150.06666666666666,2.484619353811236,23.018610586764158,0.016406557084138147,23.018610586764158,0.016406557084138147,11.236102527122116,0.0,0.4881313879191616,0.0003480223706833432,0.0,0.0,0.0,0.0,0.0,0.0,0.0,0.0,1.0,0.0,0.0,0.0,0.0,0.0,12.566666666666668,6.6395280956806975,0.44408033333333335,0.00220390660721669,0.5965873303191377,0.007259805674543975,0.1346221566598489,0.0054861744300241785,0.1529090745197148,0.0015983891280065728,1.0,0.0
