run_id,scenario_id,planner,planner_id,success,final_status,failure_reason,elapsed_s,completion_time_s,path_length_m,executed_path_length_m,straight_line_m,reference_path_length_m,path_efficiency,collision_count,near_collision_count,recovery_count,timeout,recovery_success,reflex_events,reflex_time_s,stopped_time_s,min_clearance_m,mean_clearance_m,final_goal_error_m,mean_speed_mps,num_goals,goals_reached
dwb_clutter_run_01_20260606_232919,clutter,dwb,dwb,1,succeeded,none,64.3,64.3,10.78257955,10.78257955,10.29563014,10.45622367,0.969733042,0,0,0,0,1,0,0,9.9,0.472559,0.730140899,0.129115287,0.16764377,1,1
dwb_clutter_run_02_20260606_232919,clutter,dwb,dwb,1,succeeded,none,64.5,64.5,10.78426924,10.78426924,10.29563014,10.45622367,0.969581103,0,0,0,0,1,0,0,10.2,0.478686,0.729250677,0.13374583,0.168549853,1,1
dwb_clutter_run_03_20260606_232919,clutter,dwb,dwb,1,succeeded,none,64.2,64.2,10.7731614,10.7731614,10.29563014,10.45622367,0.970580805,0,0,0,0,1,0,0,12.6,0.474989,0.765245831,0.130235485,0.168033328,1,1
mppi_clutter_run_01_thetastar_gui,clutter,mppi,mppi,1,succeeded,none,63.7,63.7,10.69926459,10.69926459,10.29563014,10.45622367,0.977284333,0,0,0,0,1,0,0,2.3,0.458585,0.72755622,0.053217055,0.168459047,1,1
mppi_clutter_run_02_thetastar_gui,clutter,mppi,mppi,1,succeeded,none,63.5,63.5,10.70448051,10.70448051,10.29563014,10.45622367,0.976808138,0,0,0,0,1,0,0,2.4,0.466017,0.716827281,0.052932409,0.167897781,1,1
mppi_clutter_run_03_thetastar_gui,clutter,mppi,mppi,1,succeeded,none,63.4,63.4,10.71154125,10.71154125,10.29563014,10.45622367,0.976164253,0,0,0,0,1,0,0,2.3,0.463524,0.714969988,0.054214126,0.162134084,1,1
rpp_clutter_run_01_20260606_232919,clutter,rpp,rpp,1,succeeded,none,67.6,67.6,10.6390242,10.6390242,10.29563014,10.45622367,0.982817923,0,0,0,0,1,0,0,4.7,0.470636,0.730424513,0.143390134,0.159691152,1,1
rpp_clutter_run_02_manual_fix,clutter,rpp,rpp,1,succeeded,none,67.3,67.3,10.63048136,10.63048136,10.29563014,10.45622367,0.983607733,0,0,0,0,1,0,0,4.9,0.464374,0.729954152,0.144524828,0.161297696,1,1
rpp_clutter_run_03_20260606_232919,clutter,rpp,rpp,1,succeeded,none,67.5,67.5,10.63498134,10.63498134,10.29563014,10.45622367,0.983191538,0,0,0,0,1,0,0,5,0.471971,0.731604644,0.14397704,0.159331583,1,1
