scenario_id,planner_id,runs,success_rate,completion_time_s_mean,completion_time_s_std,elapsed_s_mean,elapsed_s_std,path_length_m_mean,path_length_m_std,executed_path_length_m_mean,executed_path_length_m_std,reference_path_length_m_mean,reference_path_length_m_std,path_efficiency_mean,path_efficiency_std,collision_count_mean,collision_count_std,near_collision_count_mean,near_collision_count_std,recovery_count_mean,recovery_count_std,timeout_mean,timeout_std,recovery_success_mean,recovery_success_std,reflex_events_mean,reflex_events_std,reflex_time_s_mean,reflex_time_s_std,stopped_time_s_mean,stopped_time_s_std,min_clearance_m_mean,min_clearance_m_std,mean_clearance_m_mean,mean_clearance_m_std,final_goal_error_m_mean,final_goal_error_m_std,mean_speed_mps_mean,mean_speed_mps_std,goals_reached_mean,goals_reached_std
clutter,dwb,3,1.0,63.53333333333333,0.15275252316519608,63.53333333333333,0.15275252316519608,10.70509544940107,0.00616138562742516,10.70509544940107,0.00616138562742516,10.456223665781694,0.0,0.9767522414158872,0.0005621280847652214,0.0,0.0,0.0,0.0,0.0,0.0,0.0,0.0,1.0,0.0,0.0,0.0,0.0,0.0,2.3333333333333335,0.05773502691896263,0.46270866666666666,0.003782490229112734,0.719784496185968,0.006794273554619943,0.131032200449967,0.002415894939647443,0.16807565033671765,0.00045452140941752586,1.0,0.0
clutter,mppi,3,1.0,64.33333333333333,0.15275252316519608,64.33333333333333,0.15275252316519608,10.780003398160588,0.005985267284880494,10.780003398160588,0.005985267284880494,10.456223665781694,0.0,0.9699649832279088,0.0005387007442534554,0.0,0.0,0.0,0.0,0.0,0.0,0.0,0.0,1.0,0.0,0.0,0.0,0.0,0.0,10.9,1.4798648586948735,0.47541133333333335,0.0030852562832499545,0.7415458025790356,0.020529652941991633,0.053454529840999236,0.000673049193308887,0.16616363760678407,0.0035009615100751396,1.0,0.0
clutter,rpp,3,1.0,67.46666666666665,0.15275252316519142,67.46666666666665,0.15275252316519142,10.634828965959032,0.004273456687142577,10.634828965959032,0.004273456687142577,10.456223665781694,0.0,0.9832057313632249,0.00039509592941562626,0.0,0.0,0.0,0.0,0.0,0.0,0.0,0.0,1.0,0.0,0.0,0.0,0.0,0.0,4.866666666666667,0.15275252316519428,0.4689936666666667,0.004056050583182272,0.7306611029264446,0.000850301399359661,0.1439640008171579,0.0005674593165265533,0.16010681023116138,0.0010468899704556467,1.0,0.0
