run_id,scenario_id,planner_id,success,final_status,failure_reason,elapsed_s,completion_time_s,path_length_m,executed_path_length_m,straight_line_m,reference_path_length_m,path_efficiency,collision_count,near_collision_count,recovery_count,recovery_success,reflex_events,reflex_time_s,stopped_time_s,min_clearance_m,mean_clearance_m,final_goal_error_m,mean_speed_mps,num_goals,goals_reached,planner,timeout
dwb_house_dynamic_run_01_20260606_152513,house_dynamic,dwb,0,navigation_failed_or_timeout,navigation_failed_or_timeout,194.7,194.7,6.785777091,6.785777091,6.825020146,6.825020146,1,0,0,2,0,1,0.36,377.4,0.496965,0.605535192,2.823878454,0.034476464,1,0,,
dwb_house_dynamic_run_02_20260606_152513,house_dynamic,dwb,0,navigation_failed_or_timeout,navigation_failed_or_timeout,175.8,175.8,6.726241106,6.726241106,6.825020146,6.825020146,1,0,0,2,0,1,0.36,376.3,0.488227,0.61152717,2.806043782,0.035327243,1,0,dwb,0
dwb_house_dynamic_run_03_20260606_152513,house_dynamic,dwb,0,navigation_failed_or_timeout,navigation_failed_or_timeout,184.6,184.6,6.800057221,6.800057221,6.825020146,6.825020146,1,0,0,2,0,1,0.36,373.7,0.482896,0.610983734,2.836974033,0.035645977,1,0,dwb,0
mppi_house_dynamic_run_01_thetastar_gui,house_dynamic,mppi,1,succeeded,none,69.1,69.1,11.7460102,11.7460102,6.825020146,6.825020146,0.581050078,0,0,0,1,1,0.34,8,0.494731,0.83266048,0.059217526,0.171231769,1,1,mppi,0
mppi_house_dynamic_run_02_thetastar_gui,house_dynamic,mppi,1,succeeded,none,69.1,69.1,11.75117609,11.75117609,6.825020146,6.825020146,0.580794645,0,0,0,1,1,0.34,8.1,0.503862,0.833630948,0.054011572,0.170619011,1,1,mppi,0
mppi_house_dynamic_run_03_thetastar_gui,house_dynamic,mppi,1,succeeded,none,69.2,69.2,11.74999937,11.74999937,6.825020146,6.825020146,0.580852809,0,0,0,1,1,0.34,11.8,0.508428,0.836016868,0.054745903,0.167955597,1,1,mppi,0
rpp_house_dynamic_run_01_20260606_152513,house_dynamic,rpp,1,succeeded,none,78.1,78.1,11.69358091,11.69358091,6.825020146,6.825020146,0.583655272,0,0,0,1,1,0.35,8.5,0.476624,0.780310065,0.127234563,0.15078694,1,1,,
rpp_house_dynamic_run_02_20260606_152513,house_dynamic,rpp,1,succeeded,none,76.8,76.8,11.677113,11.677113,6.825020146,6.825020146,0.584478385,0,0,0,1,1,0.35,5.4,0.485736,0.781911237,0.129575933,0.154377947,1,1,rpp,0
rpp_house_dynamic_run_03_manual_fix,house_dynamic,rpp,1,succeeded,none,75.9,75.9,11.67141958,11.67141958,6.825020146,6.825020146,0.584763499,0,0,0,1,1,0.35,3.1,0.481549,0.772319718,0.129113982,0.157040527,1,1,rpp,0
