run_id,scenario_id,planner_id,success,final_status,failure_reason,elapsed_s,completion_time_s,path_length_m,executed_path_length_m,straight_line_m,reference_path_length_m,path_efficiency,collision_count,near_collision_count,recovery_count,recovery_success,reflex_events,reflex_time_s,stopped_time_s,min_clearance_m,mean_clearance_m,final_goal_error_m,mean_speed_mps,num_goals,goals_reached,planner,timeout
dwb_house_dynamic_run_01_20260606_152513,house_dynamic,dwb,0,navigation_failed_or_timeout,navigation_failed_or_timeout,194.7,194.7,6.785777090940508,6.785777090940508,6.825020146490412,6.825020146490412,1.0,0,0,2,0,1,0.36,377.4,0.496965,0.6055351921878236,2.823878453570727,0.0344764643673388,1,0,,
dwb_house_dynamic_run_02_20260606_152513,house_dynamic,dwb,0,navigation_failed_or_timeout,navigation_failed_or_timeout,175.8,175.8,6.726241106145443,6.726241106145443,6.825020146490412,6.825020146490412,1.0,0,0,2,0,1,0.36,376.3,0.488227,0.611527169544414,2.8060437821575417,0.0353272429789891,1,0,dwb,0.0
dwb_house_dynamic_run_03_20260606_152513,house_dynamic,dwb,0,navigation_failed_or_timeout,navigation_failed_or_timeout,184.6,184.6,6.800057220753985,6.800057220753985,6.825020146490412,6.825020146490412,1.0,0,0,2,0,1,0.36,373.7000000000001,0.482896,0.6109837337487002,2.8369740329111224,0.0356459767393564,1,0,dwb,0.0
mppi_house_dynamic_run_01_20260606_152513,house_dynamic,mppi,1,succeeded,none,70.2,70.2,11.870404218306293,11.870404218306293,6.825020146490412,6.825020146490412,0.5749610561673213,0,0,0,1,1,0.34,6.0,0.499336,0.9246510383351568,0.0615125301219191,0.1706685947426107,1,1,,
mppi_house_dynamic_run_02_20260606_152513,house_dynamic,mppi,1,succeeded,none,69.9,69.9,11.865076243006348,11.865076243006348,6.825020146490412,6.825020146490412,0.5752192406275767,0,0,0,1,1,0.34,6.300000000000001,0.508195,0.9237251820151628,0.0633362945316507,0.1704836847237315,1,1,mppi,0.0
rpp_house_dynamic_run_01_20260606_152513,house_dynamic,rpp,1,succeeded,none,78.1,78.1,11.6935809080774,11.6935809080774,6.825020146490412,6.825020146490412,0.5836552720797438,0,0,0,1,1,0.35,8.5,0.476624,0.7803100653562657,0.1272345626353153,0.1507869395577432,1,1,,
rpp_house_dynamic_run_02_20260606_152513,house_dynamic,rpp,1,succeeded,none,76.8,76.8,11.677112999369838,11.677112999369838,6.825020146490412,6.825020146490412,0.584478384927741,0,0,0,1,1,0.35,5.4,0.485736,0.781911236537495,0.1295759325839485,0.1543779466532497,1,1,rpp,0.0
