scenario_id,planner_id,runs,success_rate,completion_time_s_mean,completion_time_s_std,elapsed_s_mean,elapsed_s_std,path_length_m_mean,path_length_m_std,executed_path_length_m_mean,executed_path_length_m_std,reference_path_length_m_mean,reference_path_length_m_std,path_efficiency_mean,path_efficiency_std,collision_count_mean,collision_count_std,near_collision_count_mean,near_collision_count_std,recovery_count_mean,recovery_count_std,timeout_mean,timeout_std,recovery_success_mean,recovery_success_std,reflex_events_mean,reflex_events_std,reflex_time_s_mean,reflex_time_s_std,stopped_time_s_mean,stopped_time_s_std,min_clearance_m_mean,min_clearance_m_std,mean_clearance_m_mean,mean_clearance_m_std,final_goal_error_m_mean,final_goal_error_m_std,mean_speed_mps_mean,mean_speed_mps_std,goals_reached_mean,goals_reached_std
house_dynamic,dwb,3,0.0,185.03333333333333,9.457448563610225,185.03333333333333,9.457448563610225,6.770691805946645,0.039151999457050855,6.770691805946645,0.039151999457050855,6.825020146490412,0.0,1.0,0.0,0.0,0.0,0.0,0.0,2.0,0.0,0.0,0.0,0.0,0.0,1.0,0.0,0.36,0.0,375.8,1.899999999999963,0.48936266666666667,0.007102921535068052,0.6093486984936459,0.0033137521594750873,2.8222987562131308,0.01552551724504027,0.0351498946952281,0.0006045900324933306,0.0,0.0
house_dynamic,mppi,2,1.0,70.05000000000001,0.21213203435596728,70.05000000000001,0.21213203435596728,11.86774023065632,0.0037674474645856162,11.86774023065632,0.0037674474645856162,6.825020146490412,0.0,0.575090148397449,0.00018256398264357069,0.0,0.0,0.0,0.0,0.0,0.0,0.0,0.0,1.0,0.0,1.0,0.0,0.34,0.0,6.15,0.21213203435596475,0.5037655,0.006264258974531589,0.9241881101751599,0.0006546792822722035,0.0624244123267849,0.0012895961814078892,0.1705761397331711,0.0001307511282588248,1.0,0.0
house_dynamic,rpp,2,1.0,77.44999999999999,0.9192388155425048,77.44999999999999,0.9192388155425048,11.68534695372362,0.011644569919079409,11.68534695372362,0.011644569919079409,6.825020146490412,0.0,0.5840668285037424,0.0005820286765005829,0.0,0.0,0.0,0.0,0.0,0.0,0.0,0.0,1.0,0.0,1.0,0.0,0.35,0.0,6.95,2.192031021678297,0.48118,0.006443156990171828,0.7811106509468804,0.0011321990000876493,0.1284052476096319,0.001655598567944941,0.15258244310549646,0.0025392254685216438,1.0,0.0
