scenario_id,planner_id,runs,success_rate,completion_time_s_mean,completion_time_s_std,elapsed_s_mean,elapsed_s_std,path_length_m_mean,path_length_m_std,executed_path_length_m_mean,executed_path_length_m_std,reference_path_length_m_mean,reference_path_length_m_std,path_efficiency_mean,path_efficiency_std,collision_count_mean,collision_count_std,near_collision_count_mean,near_collision_count_std,recovery_count_mean,recovery_count_std,timeout_mean,timeout_std,recovery_success_mean,recovery_success_std,reflex_events_mean,reflex_events_std,reflex_time_s_mean,reflex_time_s_std,stopped_time_s_mean,stopped_time_s_std,min_clearance_m_mean,min_clearance_m_std,mean_clearance_m_mean,mean_clearance_m_std,final_goal_error_m_mean,final_goal_error_m_std,mean_speed_mps_mean,mean_speed_mps_std,goals_reached_mean,goals_reached_std
clutter,dwb,3,1.0,64.33333333333333,0.15275252316519375,64.33333333333333,0.15275252316519375,10.780003396666666,0.00598526957321375,10.780003396666666,0.00598526957321375,10.45622367,0.0,0.9699649833333334,0.0005387008527766874,0.0,0.0,0.0,0.0,0.0,0.0,0.0,0.0,1.0,0.0,0.0,0.0,0.0,0.0,10.9,1.479864858694874,0.47541133333333335,0.0030852562832499536,0.7415458023333333,0.020529652771124424,0.13103220066666668,0.0024158950740556513,0.16807565033333335,0.00045452171086355573,1.0,0.0
clutter,mppi,3,1.0,63.53333333333333,0.15275252316519683,63.53333333333333,0.15275252316519683,10.70509545,0.006161388527888585,10.70509545,0.006161388527888585,10.45622367,0.0,0.9767522413333333,0.000562128214563472,0.0,0.0,0.0,0.0,0.0,0.0,0.0,0.0,1.0,0.0,0.0,0.0,0.0,0.0,2.3333333333333335,0.05773502691896263,0.46270866666666666,0.003782490229112732,0.7197844963333333,0.006794273389055818,0.05345453,0.0006730493286089819,0.16616363733333334,0.0035009612866071915,1.0,0.0
clutter,rpp,3,1.0,67.46666666666665,0.15275252316519375,67.46666666666665,0.15275252316519375,10.634828966666666,0.004273457855289491,10.634828966666666,0.004273457855289491,10.45622367,0.0,0.9832057313333333,0.00039509625037240505,0.0,0.0,0.0,0.0,0.0,0.0,0.0,0.0,1.0,0.0,0.0,0.0,0.0,0.0,4.866666666666667,0.1527525231651946,0.4689936666666667,0.0040560505831822675,0.7306611030000001,0.0008503011711099833,0.14396400066666667,0.0005674593699722726,0.16010681033333332,0.0010468901421564355,1.0,0.0
