scenario_id,planner_id,runs,success_rate,completion_time_s_mean,completion_time_s_std,elapsed_s_mean,elapsed_s_std,path_length_m_mean,path_length_m_std,executed_path_length_m_mean,executed_path_length_m_std,reference_path_length_m_mean,reference_path_length_m_std,path_efficiency_mean,path_efficiency_std,collision_count_mean,collision_count_std,near_collision_count_mean,near_collision_count_std,recovery_count_mean,recovery_count_std,timeout_mean,timeout_std,recovery_success_mean,recovery_success_std,reflex_events_mean,reflex_events_std,reflex_time_s_mean,reflex_time_s_std,stopped_time_s_mean,stopped_time_s_std,min_clearance_m_mean,min_clearance_m_std,mean_clearance_m_mean,mean_clearance_m_std,final_goal_error_m_mean,final_goal_error_m_std,mean_speed_mps_mean,mean_speed_mps_std,goals_reached_mean,goals_reached_std
doorway,dwb,3,1.0,45.06666666666666,0.23094010767585307,45.06666666666666,0.23094010767585307,7.1465542896405125,0.0020649735816806736,7.1465542896405125,0.0020649735816806736,8.0,0.0,1.0,0.0,0.0,0.0,0.0,0.0,0.0,0.0,0.0,0.0,1.0,0.0,0.0,0.0,0.0,0.0,9.4,2.946183972531247,0.490005,0.004220278663785159,1.454059227969515,0.031169325100982526,0.13884409630320194,0.0015557631956353618,0.1565197030396058,0.004003922097293618,1.0,0.0
doorway,mppi,3,1.0,42.800000000000004,0.09999999999999609,42.800000000000004,0.09999999999999609,7.317863341641295,0.00012980299721893768,7.317863341641295,0.00012980299721893768,8.0,0.0,1.0,0.0,0.0,0.0,0.0,0.0,0.0,0.0,0.0,0.0,1.0,0.0,0.0,0.0,0.0,0.0,1.8333333333333333,0.05773502691896253,0.5912413333333334,0.0011846207550660762,1.5372322542326666,0.04182055294866218,0.017224812999391898,0.000523253001877202,0.17165227157205024,3.7024165993210906e-05,1.0,0.0
doorway,rpp,3,1.0,45.800000000000004,0.6928203230275536,45.800000000000004,0.6928203230275536,7.124858749473827,0.0009335425669893,7.124858749473827,0.0009335425669893,8.0,0.0,1.0,0.0,0.0,0.0,0.0,0.0,0.0,0.0,0.0,0.0,1.0,0.0,0.0,0.0,0.0,0.0,5.766666666666667,4.528060659193219,0.48799333333333333,0.0028500954954761063,1.4743850825080365,0.041613881089148735,0.15121233466184417,0.0006096672630160813,0.15432854438226107,0.0075985739655457935,1.0,0.0
