run_id,scenario_id,planner,planner_id,success,final_status,failure_reason,elapsed_s,completion_time_s,path_length_m,executed_path_length_m,straight_line_m,reference_path_length_m,path_efficiency,collision_count,near_collision_count,recovery_count,timeout,recovery_success,reflex_events,reflex_time_s,stopped_time_s,min_clearance_m,mean_clearance_m,final_goal_error_m,mean_speed_mps,num_goals,goals_reached
dwb_corridor_run_01_manual_gui,corridor,dwb,dwb,1,succeeded,none,56.4,56.4,9.523904630840608,9.523904630840608,9.6,9.6,1.0,0,0,0,0,1,0,0.0,1.7000000000000002,1.071204,2.4550048232248445,0.0899370532761671,0.1691561560650899,1,1
dwb_corridor_run_02_manual_gui,corridor,dwb,dwb,1,succeeded,none,56.9,56.9,9.562244287367143,9.562244287367143,9.6,9.6,1.0,0,0,0,0,1,0,0.0,3.3000000000000003,1.068304,2.488152001277136,0.0599971795670433,0.1687424968071532,1,1
dwb_corridor_run_03_manual_gui,corridor,dwb,dwb,1,succeeded,none,56.4,56.4,9.563845259128511,9.563845259128511,9.6,9.6,1.0,0,0,0,0,1,0,0.0,2.7,1.073412,2.426917987594753,0.0524305974503438,0.1692294465885609,1,1
mppi_corridor_run_01_thetastar_gui,corridor,mppi,mppi,1,succeeded,none,55.2,55.2,9.5590736510887,9.5590736510887,9.6,9.6,1.0,0,0,0,0,1,0,0.0,1.7000000000000002,1.066394,2.4894367368421046,0.0575053416823173,0.1737961517925293,1,1
mppi_corridor_run_02_thetastar_gui,corridor,mppi,mppi,1,succeeded,none,55.2,55.2,9.558276922459331,9.558276922459331,9.6,9.6,1.0,0,0,0,0,1,0,0.0,1.8,1.078536,2.4953945406804774,0.0584559312388405,0.1739280088757442,1,1
mppi_corridor_run_03_thetastar_gui,corridor,mppi,mppi,1,succeeded,none,54.6,54.6,9.591916642356884,9.591916642356884,9.6,9.6,1.0,0,0,0,0,1,0,0.0,2.7,1.076565,2.5041129617691102,0.0424095846360231,0.1743001566716688,1,1
rpp_corridor_run_01_manual_gui,corridor,rpp,rpp,1,succeeded,none,57.2,57.2,9.467100385753024,9.467100385753024,9.6,9.6,1.0,0,0,0,0,1,0,0.0,2.4000000000000004,1.07883,2.469164203980103,0.1357183087722516,0.164935553660274,1,1
rpp_corridor_run_02_manual_gui,corridor,rpp,rpp,1,succeeded,none,57.7,57.7,9.469555418041915,9.469555418041915,9.6,9.6,1.0,0,0,0,0,1,0,0.0,2.5,1.075404,2.4569704132115326,0.1333994349913086,0.1651691138439955,1,1
rpp_corridor_run_03_manual_gui,corridor,rpp,rpp,1,succeeded,none,58.1,58.1,9.47422549195474,9.47422549195474,9.6,9.6,1.0,0,0,0,0,1,0,0.0,3.0,1.056916,2.4492615704787224,0.128869776324785,0.164606411569153,1,1
