scenario_id,planner_id,runs,success_rate,completion_time_s_mean,completion_time_s_std,elapsed_s_mean,elapsed_s_std,path_length_m_mean,path_length_m_std,executed_path_length_m_mean,executed_path_length_m_std,reference_path_length_m_mean,reference_path_length_m_std,path_efficiency_mean,path_efficiency_std,collision_count_mean,collision_count_std,near_collision_count_mean,near_collision_count_std,recovery_count_mean,recovery_count_std,timeout_mean,timeout_std,recovery_success_mean,recovery_success_std,reflex_events_mean,reflex_events_std,reflex_time_s_mean,reflex_time_s_std,stopped_time_s_mean,stopped_time_s_std,min_clearance_m_mean,min_clearance_m_std,mean_clearance_m_mean,mean_clearance_m_std,final_goal_error_m_mean,final_goal_error_m_std,mean_speed_mps_mean,mean_speed_mps_std,goals_reached_mean,goals_reached_std
maze,dwb,2,0.0,207.10000000000002,6.0811183182043145,207.10000000000002,6.0811183182043145,4.578007980840784,0.0018797478631521582,4.578007980840784,0.0018797478631521582,11.236102527122116,0.0,1.0,0.0,0.0,0.0,0.0,0.0,3.0,0.0,0.0,0.0,0.0,0.0,0.0,0.0,0.0,0.0,456.25,3.7476659402886696,0.4629025,6.858935777510482e-05,0.48632064373968603,1.1477614732007686e-05,9.252407553148618,0.00034674318737442516,0.02228580716149535,0.00018603722148797445,0.0,0.0
maze,mppi,3,1.0,138.13333333333333,0.11547005383791858,138.13333333333333,0.11547005383791858,23.32250900588897,0.008108220324843549,23.32250900588897,0.008108220324843549,11.236102527122116,0.0,0.48177078330285333,0.0001674657638212634,0.0,0.0,0.0,0.0,0.0,0.0,0.0,0.0,1.0,0.0,0.0,0.0,0.0,0.0,17.099999999999998,0.36055512754639996,0.4751316666666667,0.0008790917661617115,0.6379231999900624,0.004044756009019123,0.06853027931674187,0.0020172363902087854,0.17007518765481522,6.573007004227142e-05,1.0,0.0
maze,rpp,3,1.0,150.06666666666666,2.484619353811236,150.06666666666666,2.484619353811236,23.018610586764158,0.016406557084138147,23.018610586764158,0.016406557084138147,11.236102527122116,0.0,0.4881313879191616,0.0003480223706833432,0.0,0.0,0.0,0.0,0.0,0.0,0.0,0.0,1.0,0.0,0.0,0.0,0.0,0.0,12.566666666666668,6.6395280956806975,0.44408033333333335,0.00220390660721669,0.5965873303191377,0.007259805674543975,0.1346221566598489,0.0054861744300241785,0.1529090745197148,0.0015983891280065728,1.0,0.0
