scenario_id,planner_id,runs,success_rate,completion_time_s_mean,completion_time_s_std,elapsed_s_mean,elapsed_s_std,path_length_m_mean,path_length_m_std,executed_path_length_m_mean,executed_path_length_m_std,reference_path_length_m_mean,reference_path_length_m_std,path_efficiency_mean,path_efficiency_std,collision_count_mean,collision_count_std,near_collision_count_mean,near_collision_count_std,recovery_count_mean,recovery_count_std,timeout_mean,timeout_std,recovery_success_mean,recovery_success_std,reflex_events_mean,reflex_events_std,reflex_time_s_mean,reflex_time_s_std,stopped_time_s_mean,stopped_time_s_std,min_clearance_m_mean,min_clearance_m_std,mean_clearance_m_mean,mean_clearance_m_std,final_goal_error_m_mean,final_goal_error_m_std,mean_speed_mps_mean,mean_speed_mps_std,goals_reached_mean,goals_reached_std
corridor,dwb,3,1.0,56.56666666666666,0.28867513459481237,56.56666666666666,0.28867513459481237,9.549998059112086,0.022611745329900967,9.549998059112086,0.022611745329900967,9.6,0.0,1.0,0.0,0.0,0.0,0.0,0.0,0.0,0.0,0.0,0.0,1.0,0.0,0.0,0.0,0.0,0.0,2.566666666666667,0.8082903768654762,1.0709733333333333,0.0025618004085669246,2.4566916040322444,0.030651835671501374,0.06745494343118473,0.019834244088030653,0.169042699820268,0.0002625533508071638,1.0,0.0
corridor,mppi,3,1.0,55.0,0.34641016151377524,55.0,0.34641016151377524,9.569755738634973,0.019196039551327277,9.569755738634973,0.019196039551327277,9.6,0.0,1.0,0.0,0.0,0.0,0.0,0.0,0.0,0.0,0.0,0.0,1.0,0.0,0.0,0.0,0.0,0.0,2.066666666666667,0.5507570547286103,1.0738316666666667,0.006516162546570827,2.496314746430564,0.0073812585982257345,0.05279028585239363,0.00900250650840699,0.17400810577998074,0.000261374951172279,1.0,0.0
corridor,rpp,3,1.0,57.666666666666664,0.4509249752822879,57.666666666666664,0.4509249752822879,9.470293765249894,0.0036194822897863913,9.470293765249894,0.0036194822897863913,9.6,0.0,1.0,0.0,0.0,0.0,0.0,0.0,0.0,0.0,0.0,0.0,1.0,0.0,0.0,0.0,0.0,0.0,2.6333333333333333,0.3214550253664318,1.0703833333333332,0.011788179220445024,2.4584653958901193,0.010035184850291791,0.13266250669611507,0.0034832307783426333,0.16490369302447416,0.00028270088010722987,1.0,0.0
